Target_Attribute,LOR_Background_Positive,LOR_Background_Negative,Delta_LOR,Total_Inferences_Evaluated
skin_tone,-0.6640738472815099,1.6378367713342161,2.301910618615726,1630
hair_Male,1.1887092820244163,2.9941411833217493,1.805431901297333,768
tattoo,0.795168794952257,2.0198676349500277,1.2246988399977707,1632
facial_hair,0.015504186535965254,-1.0775894049667005,1.0930935915026658,575
piercing,0.7534456193161229,1.0807906554782358,0.32734503616211297,1629
cultural_Female,1.3077974877316125,1.530073768944842,0.2222762812132295,863
cultural_Male,2.218767849110183,2.4010251658072983,0.1822573166971151,768
hair_Female,1.39296105247808,1.4878741539378109,0.09491310145973086,862
expression,12.027430312085604,12.024982330446964,0.002447981638640684,1631
