Target_Attribute,LOR_Background_Positive,LOR_Background_Negative,Delta_LOR,Total_Inferences_Evaluated
skin_tone,-0.023392879574705577,0.5498176262877517,0.5732105058624573,1726
tattoo,-0.07212860243741424,0.294681483435194,0.36681008587260827,1746
hair_Female,0.4074531803335505,0.7377250385852051,0.3302718582516546,850
facial_hair,-0.3491889175279069,-0.5737602953215872,0.22457137779368036,656
cultural_Male,1.0931354708544334,0.8925018699101405,0.20063360094429294,859
expression,3.2197423969080834,3.076010209057705,0.14373218785037833,1788
cultural_Female,0.3170753711484133,0.4427684686381332,0.1256930974897199,888
hair_Male,0.6287946886294961,0.6662142982003574,0.03741960957086132,880
piercing,0.3552154639644605,0.3914543710385661,0.0362389070741056,1708
