Target_Attribute,LOR_Background_Positive,LOR_Background_Negative,Delta_LOR,Total_Inferences_Evaluated
cultural_Female,-0.0037418191459955,-0.6531854521819447,0.6494436330359492,870
expression,4.391638480127888,4.95601043280578,0.5643719526778916,1738
hair_Male,0.8868093599636262,1.3829174056101605,0.4961080456465343,869
hair_Female,0.771045428887448,1.183311265089815,0.412265836202367,872
facial_hair,-0.461635379575219,-0.0660122433488136,0.3956231362264054,649
cultural_Male,1.4604023332736125,1.2314941197238367,0.22890821354977575,869
tattoo,0.263238008516088,0.3418962238837439,0.07865821536765594,1746
piercing,0.20893302601946478,0.25645265875795514,0.04751963273849036,1741
skin_tone,0.21834737905071677,0.1932504128855202,0.025096966165196577,1753
